<?xml version="1.0" encoding="UTF-8"?>  
<beans xmlns="http://www.springframework.org/schema/beans"
	   xmlns:xsi="http://www.w3.org/2001/XMLSchema-instance"
	   xmlns:p="http://www.springframework.org/schema/p" 
	   xmlns:context="http://www.springframework.org/schema/context"
	   xmlns:mvc="http://www.springframework.org/schema/mvc"
	   xsi:schemaLocation="http://www.springframework.org/schema/beans
	   					   http://www.springframework.org/schema/beans/spring-beans-4.3.xsd
	   					   http://www.springframework.org/schema/context
	   					   http://www.springframework.org/schema/context/spring-context-4.3.xsd
	   					   http://www.springframework.org/schema/mvc
	   					   http://www.springframework.org/schema/mvc/spring-mvc-4.3.xsd"> 

	<!-- 采用默认方式配置Spring MVC的注解映射驱动 -->
	<mvc:annotation-driven/>
	
	<!-- 资源检查器，分离动态资源 -->
	<mvc:default-servlet-handler/>
	
	<!-- 类包扫描（SRC下的类包），注册带有@Controller等注解的类成为spring的bean -->
	<context:component-scan base-package="mvc.device"/>
	
	<bean id="restTemplate" class="org.springframework.web.client.RestTemplate"></bean>
	
	<!-- 配置视图解释类 -->
	<bean id="viewResolver" class="org.springframework.web.servlet.view.InternalResourceViewResolver">
		<property name="viewClass" value="org.springframework.web.servlet.view.JstlView"/>
	 	<property name="prefix" value="/WEB-INF/pages/device/"/>
	 	<property name="suffix" value=".jsp"/>
	</bean>
	
	<!-- 文件上传，最大10M --> 
	<bean id="multipartResolver"
          class="org.springframework.web.multipart.commons.CommonsMultipartResolver"
          p:defaultEncoding="UTF-8"
          p:maxUploadSize="10000000"/>
	
</beans> 