<?xml version="1.0" encoding="UTF-8"?>  
<beans xmlns="http://www.springframework.org/schema/beans"
	   xmlns:xsi="http://www.w3.org/2001/XMLSchema-instance"
	   xmlns:p="http://www.springframework.org/schema/p" 
	   xmlns:context="http://www.springframework.org/schema/context"
	   xmlns:mvc="http://www.springframework.org/schema/mvc"
	   xsi:schemaLocation="http://www.springframework.org/schema/beans
	   					   http://www.springframework.org/schema/beans/spring-beans-4.3.xsd
	   					   http://www.springframework.org/schema/context
	   					   http://www.springframework.org/schema/context/spring-context-4.3.xsd
	   					   http://www.springframework.org/schema/mvc
	   					   http://www.springframework.org/schema/mvc/spring-mvc-4.3.xsd"> 

	<!-- 采用默认方式配置Spring MVC的注解映射驱动 -->
	<mvc:annotation-driven/>
	
	<!-- 类包扫描（SRC下的类包），注册带有@Controller等注解的类成为spring的bean -->
	<context:component-scan base-package="mvc.security"/>
	
	<bean id="restTemplate" class="org.springframework.web.client.RestTemplate"></bean>
	
	<!-- 资源检查器，分离动态资源 -->
	<mvc:default-servlet-handler/>
	
	<!-- 静态资源配置 -->
	<mvc:resources location="/WebContent/images/" mapping="/images/*"/>
	<mvc:resources location="/WebContent/js/" mapping="/js/*"/>
	<mvc:resources location="/WebContent/css/" mapping="/css/*"/>
	
	<!-- 配置试图解释类 -->
	<bean id="viewResolver" class="org.springframework.web.servlet.view.InternalResourceViewResolver">
		<property name="viewClass" value="org.springframework.web.servlet.view.JstlView"/>
	 	<property name="prefix" value="/WEB-INF/pages/security/"/>
	 	<property name="suffix" value=".jsp"/>
	</bean>
</beans> 
