<?xml version="1.0" encoding="UTF-8"?>  
<beans xmlns="http://www.springframework.org/schema/beans"
	   xmlns:xsi="http://www.w3.org/2001/XMLSchema-instance"
	   xmlns:p="http://www.springframework.org/schema/p" 
	   xmlns:context="http://www.springframework.org/schema/context"
	   xmlns:websocket="http://www.springframework.org/schema/websocket"
	   xsi:schemaLocation="http://www.springframework.org/schema/beans
	   					   http://www.springframework.org/schema/beans/spring-beans.xsd
	   					   http://www.springframework.org/schema/websocket
	   					   http://www.springframework.org/schema/websocket/spring-websocket.xsd
	   					   http://www.springframework.org/schema/context
	   					   http://www.springframework.org/schema/context/spring-context.xsd"> 

	<websocket:handlers allowed-origins="*">
		<!-- <websocket:mapping path="/history" handler="historyHandler"/> 配置SockJS-->
		<websocket:mapping path="/history.ws" handler="historyHandler"/><!-- 配置原生WS -->
		<websocket:handshake-interceptors>
			<bean class="ws.history.HistoryHandshakeInterceptor"/>
		</websocket:handshake-interceptors>
		
		<!-- <websocket:sockjs/> 配置SockJS-->
	</websocket:handlers>
	<bean id="historyHandler" class="ws.history.HistoryHandler"/>
	
	<websocket:handlers allowed-origins="*">
		<!-- <websocket:mapping path="/spectra" handler="spectraHandler"/> 配置SockJS-->
		<websocket:mapping path="/spectra.ws" handler="spectraHandler"/><!-- 配置原生WS -->
		<websocket:handshake-interceptors>
			<bean class="ws.spectra.SpectraHandshakeInterceptor"/>
		</websocket:handshake-interceptors>
		
		<!-- <websocket:sockjs/> 配置SockJS-->
	</websocket:handlers>
	<bean id="spectraHandler" class="ws.spectra.SpectraHandler"/>
	
	<bean class="org.springframework.web.socket.server.standard.ServletServerContainerFactoryBean">
		<property name="maxTextMessageBufferSize" value="81920"/>
		<property name="maxBinaryMessageBufferSize" value="81920"/>
	</bean>
	
</beans> 